posting_id,source,company_name,canonical_url,title,project,location,employment_type,remote_type,writer_match_confidence,is_active,first_seen_at,last_updated,description
0593b81b-a28b-4d98-933d-ac14e3d43163,larianstudios,Larian Studios,https://jobs.lever.co/larian/702fd22a-203c-4396-842b-a114bf69b61f,Writer Internship,,Barcelona,internship,,0.95,True,2026-06-18 22:45:48.924623+00:00,2026-06-18 22:46:37.771829+00:00,"{""salary_range"": {""max"": null, ""min"": null, ""currency"": null}, ""qualifications"": null, ""responsibilities"": null, ""technical_details"": {""skills"": [], ""languages"": [], ""minimum_years"": null}}"
29863525-cdcb-48f4-826f-ccef57f15a99,larianstudios,Larian Studios,https://jobs.lever.co/larian/09bd74d9-6abc-44cf-af96-7236b7fc64ee,Writer – Open Application | Scénariste - candidature libre,,Any,,,0.95,True,2026-06-18 22:45:48.923206+00:00,2026-06-18 22:46:37.771829+00:00,"{""salary_range"": {""max"": null, ""min"": null, ""currency"": null}, ""qualifications"": null, ""responsibilities"": null, ""technical_details"": {""skills"": [], ""languages"": [], ""minimum_years"": null}}"
4ab02eb8-3bf3-4ada-b883-6ae04240feaf,larianstudios,Larian Studios,https://jobs.lever.co/larian/cd334afc-3346-48be-9c52-2006945174be,Writer,,Warsaw,full-time,,0.95,True,2026-06-18 22:45:48.921797+00:00,2026-06-18 22:46:37.771829+00:00,"{""salary_range"": {""max"": null, ""min"": null, ""currency"": null}, ""qualifications"": null, ""responsibilities"": null, ""technical_details"": {""skills"": [], ""languages"": [], ""minimum_years"": null}}"
2e69cf44-fd53-4963-a8a1-f5c0f3eb0ab4,larianstudios,Larian Studios,https://jobs.lever.co/larian/a928f2a4-9d47-4049-a713-98975f6c72fe,Level Designer | Concepteur de niveaux,,Quebec,full-time,,0.34,True,2026-06-18 22:45:48.893231+00:00,2026-06-18 22:46:37.771829+00:00,"{""salary_range"": {""max"": null, ""min"": null, ""currency"": null}, ""qualifications"": null, ""responsibilities"": null, ""technical_details"": {""skills"": [], ""languages"": [], ""minimum_years"": null}}"
734265d0-b993-4b9e-ba00-b377480e7d44,larianstudios,Larian Studios,https://jobs.lever.co/larian/c94ffeae-dd5e-4a6e-a239-dddbcec58f9c,Level Designer – Open Application | Concepteur de niveaux - candidature libre,,Any,,,0.34,True,2026-06-18 22:45:48.891855+00:00,2026-06-18 22:46:37.771829+00:00,"{""salary_range"": {""max"": null, ""min"": null, ""currency"": null}, ""qualifications"": null, ""responsibilities"": null, ""technical_details"": {""skills"": [], ""languages"": [], ""minimum_years"": null}}"
6922e64e-7d14-4b0e-a6f7-79c96225a080,larianstudios,Larian Studios,https://jobs.lever.co/larian/2379cc51-2eb7-4e8c-9dcc-052cb7a8c868,Level Designer,,Guildford,full-time,,0.34,True,2026-06-18 22:45:48.890396+00:00,2026-06-18 22:46:37.771829+00:00,"{""salary_range"": {""max"": null, ""min"": null, ""currency"": null}, ""qualifications"": null, ""responsibilities"": null, ""technical_details"": {""skills"": [], ""languages"": [], ""minimum_years"": null}}"
8323ee2c-1a3f-4924-b73b-e879dece7d8a,larianstudios,Larian Studios,https://jobs.lever.co/larian/87954a51-6677-4c7a-8b5b-a40210d653e0,Level Designer,,Warsaw,full-time,,0.34,True,2026-06-18 22:45:48.888941+00:00,2026-06-18 22:46:37.771829+00:00,"{""salary_range"": {""max"": null, ""min"": null, ""currency"": null}, ""qualifications"": null, ""responsibilities"": null, ""technical_details"": {""skills"": [], ""languages"": [], ""minimum_years"": null}}"
f7f297dc-d126-4d72-bfa8-df577dbd14a0,larianstudios,Larian Studios,https://jobs.lever.co/larian/27fc755d-40b6-43b9-b58a-3ca3ebb01fc7,Level Design Internship,,Gent,internship,,0.34,True,2026-06-18 22:45:48.887483+00:00,2026-06-18 22:46:37.771829+00:00,"{""salary_range"": {""max"": null, ""min"": null, ""currency"": null}, ""qualifications"": null, ""responsibilities"": null, ""technical_details"": {""skills"": [], ""languages"": [], ""minimum_years"": null}}"
ec4996d9-f325-4ecf-bb82-88582310341c,wizardsofthecoast,Wizards of the Coast,https://job-boards.greenhouse.io/hasbro/jobs/4273441009,Narrative Game Designer - Universes Beyond,,United States,,,1,True,2026-06-18 18:28:43.141416+00:00,2026-06-18 22:46:37.771829+00:00,"{""salary_range"": {""max"": null, ""min"": null, ""currency"": null}, ""qualifications"": null, ""responsibilities"": null, ""technical_details"": {""skills"": [], ""languages"": [], ""minimum_years"": null}}"
bd577b20-daa5-41d8-af9a-f9acc66c88b0,hitmarker,CD PROJEKT RED,https://hitmarker.net/jobs/cd-projekt-red-senior-engineer-story-1668950,"Senior Engineer, Story",,"Warsaw, Poland",full-time,,0.41,True,2026-06-18 17:57:17.170237+00:00,2026-06-18 22:46:37.771829+00:00,"{""salary_range"": {""max"": null, ""min"": null, ""currency"": null}, ""qualifications"": null, ""responsibilities"": null, ""technical_details"": {""skills"": [], ""languages"": [], ""minimum_years"": null}}"
a6ff8f07-2959-4d77-8403-c0caf089eed1,hitmarker,Activision,https://hitmarker.net/jobs/activision-senior-quest-designer-1675091,Senior Quest Designer,,"Warsaw, Poland
Malmö, Sweden",freelance,,0.97,True,2026-06-18 17:57:17.170139+00:00,2026-06-18 22:46:37.771829+00:00,"{""salary_range"": {""max"": null, ""min"": null, ""currency"": null}, ""qualifications"": null, ""responsibilities"": null, ""technical_details"": {""skills"": [], ""languages"": [], ""minimum_years"": null}}"
38c8966c-5c97-4d4f-80cb-c48e237513d6,hitmarker,CD PROJEKT RED,https://hitmarker.net/jobs/cd-projekt-red-senior-quest-designer-1695541,Senior Quest Designer,,"Warsaw, Poland",full-time,,0.97,True,2026-06-18 17:57:17.170043+00:00,2026-06-18 22:46:37.771829+00:00,"{""salary_range"": {""max"": null, ""min"": null, ""currency"": null}, ""qualifications"": null, ""responsibilities"": null, ""technical_details"": {""skills"": [], ""languages"": [], ""minimum_years"": null}}"
92aba436-e603-4b41-b9b6-f718f0844722,hitmarker,Larian Studios,https://hitmarker.net/jobs/larian-studios-writer-1696703,Writer,,"Warsaw, Poland",full-time,,0.95,True,2026-06-18 17:57:17.169664+00:00,2026-06-18 22:46:37.771829+00:00,"{""salary_range"": {""max"": null, ""min"": null, ""currency"": null}, ""qualifications"": null, ""responsibilities"": null, ""technical_details"": {""skills"": [], ""languages"": [], ""minimum_years"": null}}"
e418d9a5-00e0-4040-9958-c1106fd04d89,hitmarker,CD PROJEKT RED,https://hitmarker.net/jobs/cd-projekt-red-senior-quest-designer-1705256,Senior Quest Designer,,"Warsaw, Poland",full-time,,0.97,True,2026-06-18 17:57:17.169574+00:00,2026-06-18 22:46:37.771829+00:00,"{""salary_range"": {""max"": null, ""min"": null, ""currency"": null}, ""qualifications"": null, ""responsibilities"": null, ""technical_details"": {""skills"": [], ""languages"": [], ""minimum_years"": null}}"
c2a2e545-a78e-4209-90f7-f5387e34bcf3,hitmarker,Activision,https://hitmarker.net/jobs/activision-quest-designer-1723908,Quest Designer,,"Warsaw, Poland
Malmö, Sweden",freelance,,0.97,True,2026-06-18 17:57:17.168993+00:00,2026-06-18 22:46:37.771829+00:00,"{""salary_range"": {""max"": null, ""min"": null, ""currency"": null}, ""qualifications"": null, ""responsibilities"": null, ""technical_details"": {""skills"": [], ""languages"": [], ""minimum_years"": null}}"
c77ed521-5836-4a80-b73b-3a051854a470,hitmarker,Larian Studios,https://hitmarker.net/jobs/larian-studios-level-designer-1724337,Level Designer,,"Guildford, UK",full-time,,0.34,True,2026-06-18 17:57:17.168896+00:00,2026-06-18 22:46:37.771829+00:00,"{""salary_range"": {""max"": null, ""min"": null, ""currency"": null}, ""qualifications"": null, ""responsibilities"": null, ""technical_details"": {""skills"": [], ""languages"": [], ""minimum_years"": null}}"
8b054a3d-9538-4fac-9639-f0cf3fc63b13,hitmarker,2K,https://hitmarker.net/jobs/2k-senior-mission-designer-1727648,Senior Mission Designer,,"Brighton, UK",full-time,,0.88,True,2026-06-18 17:57:17.168806+00:00,2026-06-18 22:46:37.771829+00:00,"{""salary_range"": {""max"": null, ""min"": null, ""currency"": null}, ""qualifications"": null, ""responsibilities"": null, ""technical_details"": {""skills"": [], ""languages"": [], ""minimum_years"": null}}"
b47268e3-73ba-4954-bad5-f5cca5bc466a,hitmarker,CD PROJEKT RED,https://hitmarker.net/jobs/cd-projekt-red-senior-quest-designer-1731334,Senior Quest Designer,,"Warsaw, Poland",full-time,,0.97,True,2026-06-18 17:57:17.168426+00:00,2026-06-18 22:46:37.771829+00:00,"{""salary_range"": {""max"": null, ""min"": null, ""currency"": null}, ""qualifications"": null, ""responsibilities"": null, ""technical_details"": {""skills"": [], ""languages"": [], ""minimum_years"": null}}"
48eb9555-9ce5-43bb-9b59-0999139f15c7,hitmarker,Larian Studios,https://hitmarker.net/jobs/larian-studios-writer-internship-1733489,Writer Internship,,"Barcelona, Spain",internship,,0.95,True,2026-06-18 17:57:17.168331+00:00,2026-06-18 22:46:37.771829+00:00,"{""salary_range"": {""max"": null, ""min"": null, ""currency"": null}, ""qualifications"": null, ""responsibilities"": null, ""technical_details"": {""skills"": [], ""languages"": [], ""minimum_years"": null}}"
355a1599-8716-4412-aca4-0d85c6c426b0,hitmarker,CD PROJEKT RED,https://hitmarker.net/jobs/cd-projekt-red-senior-writer-1737768,Senior Writer,,"Boston, MA, USA
Remote (USA)
Remote (Canada)",full-time,,0.95,True,2026-06-18 17:57:17.167992+00:00,2026-06-18 22:46:37.771829+00:00,"{""salary_range"": {""max"": null, ""min"": null, ""currency"": null}, ""qualifications"": null, ""responsibilities"": null, ""technical_details"": {""skills"": [], ""languages"": [], ""minimum_years"": null}}"
f6000be2-95b6-4857-ad31-c603226df243,hitmarker,CaptureAge,https://hitmarker.net/jobs/captureage-game-writer-age-of-empires-1738466,Game Writer | Age of Empires,,Remote (Europe),contract,,0.95,True,2026-06-18 17:57:17.167884+00:00,2026-06-18 22:46:37.771829+00:00,"{""salary_range"": {""max"": null, ""min"": null, ""currency"": null}, ""qualifications"": null, ""responsibilities"": null, ""technical_details"": {""skills"": [], ""languages"": [], ""minimum_years"": null}}"
fb457845-ee73-4889-a6a7-664ecbe87d62,hitmarker,CD PROJEKT RED,https://hitmarker.net/jobs/cd-projekt-red-senior-writer-1739353,Senior Writer,,"Boston, MA, USA
Remote (USA)
Remote (Canada)",full-time,,0.95,True,2026-06-18 17:57:17.167787+00:00,2026-06-18 22:46:37.771829+00:00,"{""salary_range"": {""max"": null, ""min"": null, ""currency"": null}, ""qualifications"": null, ""responsibilities"": null, ""technical_details"": {""skills"": [], ""languages"": [], ""minimum_years"": null}}"
2a3deb9d-ab12-4bfb-82a5-525144387519,hitmarker,Gameloft,https://hitmarker.net/jobs/gameloft-disney-dreamlight-valley-narrative-designer-1678175,[Disney Dreamlight Valley] Narrative Designer,,"Montréal, QC, Canada",full-time,,1,True,2026-06-18 17:57:17.167494+00:00,2026-06-18 22:46:37.771829+00:00,"{""salary_range"": {""max"": null, ""min"": null, ""currency"": null}, ""qualifications"": null, ""responsibilities"": null, ""technical_details"": {""skills"": [], ""languages"": [], ""minimum_years"": null}}"
c33713f8-7703-441a-9e25-40f1b64897b9,hitmarker,CD PROJEKT RED,https://hitmarker.net/jobs/cd-projekt-red-senior-narrative-designer-1705297,Senior Narrative Designer,,"Boston, MA, USA",full-time,,1,True,2026-06-18 17:57:17.167400+00:00,2026-06-18 22:46:37.771829+00:00,"{""salary_range"": {""max"": null, ""min"": null, ""currency"": null}, ""qualifications"": null, ""responsibilities"": null, ""technical_details"": {""skills"": [], ""languages"": [], ""minimum_years"": null}}"
8f2d4619-d331-461b-9948-bbca48d28d44,hitmarker,CD PROJEKT RED,https://hitmarker.net/jobs/cd-projekt-red-senior-narrative-designer-1705340,Senior Narrative Designer,,"Boston, MA, USA",full-time,,1,True,2026-06-18 17:57:17.167303+00:00,2026-06-18 22:46:37.771829+00:00,"{""salary_range"": {""max"": null, ""min"": null, ""currency"": null}, ""qualifications"": null, ""responsibilities"": null, ""technical_details"": {""skills"": [], ""languages"": [], ""minimum_years"": null}}"
a2c552de-acf1-49ea-83b3-1eab36b5bcd4,hitmarker,Criterion Games,https://hitmarker.net/jobs/criterion-games-lead-narrative-designer-1715545,Lead Narrative Designer,,"Guildford, UK",full-time,,1,True,2026-06-18 17:57:17.167105+00:00,2026-06-18 22:46:37.771829+00:00,"{""salary_range"": {""max"": null, ""min"": null, ""currency"": null}, ""qualifications"": null, ""responsibilities"": null, ""technical_details"": {""skills"": [], ""languages"": [], ""minimum_years"": null}}"
41cfc9b9-ad2d-4314-a6c6-ca655b0d77fb,hitmarker,Rebellion,https://hitmarker.net/jobs/rebellion-narrative-designer-1715712,Narrative Designer,,"Oxford, UK
Warwick, UK",full-time,,1,True,2026-06-18 17:57:17.167014+00:00,2026-06-18 22:46:37.771829+00:00,"{""salary_range"": {""max"": null, ""min"": null, ""currency"": null}, ""qualifications"": null, ""responsibilities"": null, ""technical_details"": {""skills"": [], ""languages"": [], ""minimum_years"": null}}"
836488bc-5cab-44b5-86da-8c7066956e6e,hitmarker,Rebellion,https://hitmarker.net/jobs/rebellion-narrative-designer-1715714,Narrative Designer,,"Oxford, UK
Warwick, UK",full-time,,1,True,2026-06-18 17:57:17.166915+00:00,2026-06-18 22:46:37.771829+00:00,"{""salary_range"": {""max"": null, ""min"": null, ""currency"": null}, ""qualifications"": null, ""responsibilities"": null, ""technical_details"": {""skills"": [], ""languages"": [], ""minimum_years"": null}}"
4ba57824-e8ac-4fba-8561-e6fca2968bd5,hitmarker,CD PROJEKT RED,https://hitmarker.net/jobs/cd-projekt-red-senior-narrative-engineer-1733170,Senior Narrative Engineer,,"Warsaw, Poland",full-time,,0.47,True,2026-06-18 17:57:17.166695+00:00,2026-06-18 22:46:37.771829+00:00,"{""salary_range"": {""max"": null, ""min"": null, ""currency"": null}, ""qualifications"": null, ""responsibilities"": null, ""technical_details"": {""skills"": [], ""languages"": [], ""minimum_years"": null}}"
2dffdc9b-cbb6-452d-874c-56178dcafa90,hitmarker,CD PROJEKT RED,https://hitmarker.net/jobs/cd-projekt-red-lead-narrative-producer-1734106,Lead Narrative Producer,,"Boston, MA, USA",full-time,,0.77,True,2026-06-18 17:57:17.166591+00:00,2026-06-18 22:46:37.771829+00:00,"{""salary_range"": {""max"": null, ""min"": null, ""currency"": null}, ""qualifications"": null, ""responsibilities"": null, ""technical_details"": {""skills"": [], ""languages"": [], ""minimum_years"": null}}"
68618bec-f282-4bf5-ab61-baac35755fe0,hitmarker,DICE,https://hitmarker.net/jobs/dice-senior-narrative-writer-tft-1737507,Senior Narrative Writer (TFT),,"Stockholm, Sweden",full-time,,1,True,2026-06-18 17:57:17.166487+00:00,2026-06-18 22:46:37.771829+00:00,"{""salary_range"": {""max"": null, ""min"": null, ""currency"": null}, ""qualifications"": null, ""responsibilities"": null, ""technical_details"": {""skills"": [], ""languages"": [], ""minimum_years"": null}}"
45a059b5-2c35-435b-b7af-0405935c2440,hitmarker,Criterion Games,https://hitmarker.net/jobs/criterion-games-senior-narrative-designer-1738200,Senior Narrative Designer,,"Guildford, UK",full-time,,1,True,2026-06-18 17:57:17.166362+00:00,2026-06-18 22:46:37.771829+00:00,"{""salary_range"": {""max"": null, ""min"": null, ""currency"": null}, ""qualifications"": null, ""responsibilities"": null, ""technical_details"": {""skills"": [], ""languages"": [], ""minimum_years"": null}}"
5161aa0f-b47c-4a7e-96cc-187f006c4af1,gracklehq,FunPlus,https://gracklehq.com/rd/10939,Narrative Designer / Writer,,"Beijing, China",,,1,True,2026-06-18 17:56:39.633432+00:00,2026-06-18 22:46:37.771829+00:00,"{""salary_range"": {""max"": null, ""min"": null, ""currency"": null}, ""qualifications"": null, ""responsibilities"": null, ""technical_details"": {""skills"": [], ""languages"": [], ""minimum_years"": null}}"
713c8075-4c3f-478d-acce-4f7d61b20623,gracklehq,Grimlore Games,https://gracklehq.com/rd/341989,Narrative Designer / Writer (m/f/d),,"Munich, Germany",,,1,True,2026-06-18 17:56:39.633227+00:00,2026-06-18 22:46:37.771829+00:00,"{""salary_range"": {""max"": null, ""min"": null, ""currency"": null}, ""qualifications"": null, ""responsibilities"": null, ""technical_details"": {""skills"": [], ""languages"": [], ""minimum_years"": null}}"
21b91346-96bb-43d0-af6a-bbf8910ca38a,gracklehq,CD PROJEKT RED,https://gracklehq.com/rd/376888,Senior Narrative Designer,,"Boston, MA, USA",,,1,True,2026-06-18 17:56:39.633150+00:00,2026-06-18 22:46:37.771829+00:00,"{""salary_range"": {""max"": null, ""min"": null, ""currency"": null}, ""qualifications"": null, ""responsibilities"": null, ""technical_details"": {""skills"": [], ""languages"": [], ""minimum_years"": null}}"
a611e1b2-6eed-47e5-9b61-d7d7377bcb31,gracklehq,CD PROJEKT RED,https://gracklehq.com/rd/378515,Senior Narrative Engineer,,"Warsaw, Poland",,,0.47,True,2026-06-18 17:56:39.633015+00:00,2026-06-18 22:46:37.771829+00:00,"{""salary_range"": {""max"": null, ""min"": null, ""currency"": null}, ""qualifications"": null, ""responsibilities"": null, ""technical_details"": {""skills"": [], ""languages"": [], ""minimum_years"": null}}"
00089501-3021-4e19-9ab2-0ecec1dc2f7d,gracklehq,CD PROJEKT RED,https://gracklehq.com/rd/378654,Lead Narrative Producer,,"Boston, MA, USA",,,0.77,True,2026-06-18 17:56:39.632948+00:00,2026-06-18 22:46:37.771829+00:00,"{""salary_range"": {""max"": null, ""min"": null, ""currency"": null}, ""qualifications"": null, ""responsibilities"": null, ""technical_details"": {""skills"": [], ""languages"": [], ""minimum_years"": null}}"
63ce2a23-fce7-47c2-ba85-9d01bda9e876,cdprojektred,CD PROJEKT RED,https://www.cdprojektred.com/en/jobs/22170-senior-writer,Senior Writer,Cyberpunk 2,"Boston, MA, United States",full-time,,1,True,2026-06-18 17:56:21.528672+00:00,2026-06-18 22:46:37.771829+00:00,"{""salary_range"": {""max"": 196000, ""min"": 118800, ""currency"": ""USD""}, ""qualifications"": ""At least 5 years of experience as a Senior Writer, preferably with a focus on RPG and story-driven games. AAA experience is a bonus.\nStrong storytelling abilities and a deep understanding of interactive narrative design and dramatic structure.\nExceptional writing skills, including the ability to create compelling characters, immersive storylines, sharp dialogue, and dynamic screenplays.\nKnowledge of game design principles and an understanding of how narrative elements integrate with gameplay mechanics.\nAbility to provide insightful feedback and support to members of the writing team.\nAbility to manage tasks independently while collaborating with the team.\nExcellent communication and collaboration skills to work effectively with cross-functional teams.\nPassion for video games and a deep understanding of different game genres and player expectations."", ""responsibilities"": ""Cooperate closely with the Creative Director, Lead Writer and narrative teams.\nDevelop narrative elements and features of our game, such as writing engaging dialogues, intriguing scenarios, and memorable characters\nMaintain the overall writing style and tone throughout the game.\nCreate documents to support the game\u2019s story in alignment with the project\u2019s vision.\nMentor and support a team of talented writers.\nCollaborate with other stakeholders to ensure that the story elements are consistent across narrative, gameplay mechanics and visuals.\nReview and revise narrative features to ensure the highest possible standard."", ""technical_details"": {""skills"": [""Excel""], ""languages"": [], ""minimum_years"": 5}}"
fdd130ae-f3df-4201-984c-c0d3539f129c,activision,Activision,https://careers.activision.com/job/R026827/Lead-Level-Designer,Lead - Level Designer,,,,,0.34,True,2026-06-18 17:56:11.884749+00:00,2026-06-18 22:46:37.771829+00:00,"{""salary_range"": {""max"": null, ""min"": null, ""currency"": null}, ""qualifications"": null, ""responsibilities"": null, ""technical_details"": {""skills"": [], ""languages"": [], ""minimum_years"": null}}"
11040183-125e-4e6f-ab35-d9b53c709bcd,activision,Activision,https://careers.activision.com/job/R026825/Lead-Quest-Designer,Lead - Quest Designer,,,,,0.97,True,2026-06-18 17:56:11.884641+00:00,2026-06-18 22:46:37.771829+00:00,"{""salary_range"": {""max"": null, ""min"": null, ""currency"": null}, ""qualifications"": null, ""responsibilities"": null, ""technical_details"": {""skills"": [], ""languages"": [], ""minimum_years"": null}}"
618b66cf-f978-4d52-8e8a-69e9f859f395,activision,Activision,https://careers.activision.com/job/R026918/Quest-Designer,Quest Designer,,,,,0.97,True,2026-06-18 17:56:11.884612+00:00,2026-06-18 22:46:37.771829+00:00,"{""salary_range"": {""max"": null, ""min"": null, ""currency"": null}, ""qualifications"": null, ""responsibilities"": null, ""technical_details"": {""skills"": [], ""languages"": [], ""minimum_years"": null}}"
7fd6a5e2-4f06-4949-950c-5c13fe9c5919,activision,Activision,https://careers.activision.com/job/R026917/Senior-Quest-Designer,Senior Quest Designer,,,,,0.97,True,2026-06-18 17:56:11.884580+00:00,2026-06-18 22:46:37.771829+00:00,"{""salary_range"": {""max"": null, ""min"": null, ""currency"": null}, ""qualifications"": null, ""responsibilities"": null, ""technical_details"": {""skills"": [], ""languages"": [], ""minimum_years"": null}}"
5f911673-f015-4d92-8bea-e779d01f2ce1,cdprojektred,CD PROJEKT RED,https://www.cdprojektred.com/en/jobs/22168-senior-writer,Senior Writer,Cyberpunk 2,"Boston, MA, United States",Full-time,,1,True,2026-06-16 23:22:43.756514+00:00,2026-06-18 22:46:37.771829+00:00,"{""salary_range"": {""max"": 196000, ""min"": 118800, ""currency"": ""USD""}, ""qualifications"": ""At least 5 years of experience as a Senior Writer, preferably with a focus on RPG and story-driven games. AAA experience is a bonus.\nStrong storytelling abilities and a deep understanding of interactive narrative design and dramatic structure.\nExceptional writing skills, including the ability to create compelling characters, immersive storylines, sharp dialogue, and dynamic screenplays.\nKnowledge of game design principles and an understanding of how narrative elements integrate with gameplay mechanics.\nAbility to provide insightful feedback and support to members of the writing team.\nAbility to manage tasks independently while collaborating with the team.\nExcellent communication and collaboration skills to work effectively with cross-functional teams.\nPassion for video games and a deep understanding of different game genres and player expectations."", ""responsibilities"": ""Cooperate closely with the Creative Director, Lead Writer and narrative teams.\nDevelop narrative elements and features of our game, such as writing engaging dialogues, intriguing scenarios, and memorable characters\nMaintain the overall writing style and tone throughout the game.\nCreate documents to support the game\u2019s story in alignment with the project\u2019s vision.\nMentor and support a team of talented writers.\nCollaborate with other stakeholders to ensure that the story elements are consistent across narrative, gameplay mechanics and visuals.\nReview and revise narrative features to ensure the highest possible standard."", ""technical_details"": {""skills"": [""Excel""], ""languages"": [], ""minimum_years"": 5}}"
72103ca1-f6d1-4a37-a1ab-db6c77ac03f4,IGDA Writing SIG,Cherrypick Games,https://www.linkedin.com/posts/martin-kwaśnica-6329482_looking-for-a-narrative-designer-game-activity-7407007003899994113-R5Km,Narrative Designer / Game Writer,,,,,0.95,True,2026-06-16 22:02:04.714307+00:00,2026-06-18 22:46:37.771829+00:00,"{""salary_range"": {""max"": null, ""min"": null, ""currency"": null}, ""qualifications"": ""Understands narrative design as game design, not just writing."", ""responsibilities"": ""Own narrative design on an indie project with direct creative impact."", ""technical_details"": {""skills"": [], ""languages"": [], ""minimum_years"": null}}"
ce7526ac-a622-400c-8ff8-c329f23d59f0,IGDA Writing SIG,Cloud Chamber,https://www.linkedin.com/jobs/view/4193164738/,Senior Narrative Designer,,"Montreal, Quebec",,,0.96,True,2026-06-16 22:02:04.714307+00:00,2026-06-18 22:46:37.771829+00:00,"{""salary_range"": {""max"": null, ""min"": null, ""currency"": null}, ""qualifications"": ""Adventurously creative senior narrative designer."", ""responsibilities"": null, ""technical_details"": {""skills"": [], ""languages"": [], ""minimum_years"": null}}"
4b16aaf0-37b7-4b4c-80fc-82921a647001,IGDA Writing SIG,Creative Assembly,https://www.creative-assembly.com/careers/view/principal-narrative-designer/oXejyfwM,Principal Narrative Designer,,,,,0.96,True,2026-06-16 22:02:04.714307+00:00,2026-06-18 22:46:37.771829+00:00,"{""salary_range"": {""max"": null, ""min"": null, ""currency"": null}, ""qualifications"": null, ""responsibilities"": ""Create and implement dialogue and characters; craft narrative journey; collaborate with development team and guide narrative designers."", ""technical_details"": {""skills"": [], ""languages"": [], ""minimum_years"": null}}"
d4010de4-afbb-4297-90ed-92f37b7c1f2c,IGDA Writing SIG,Crystal Dynamics,https://job-boards.greenhouse.io/crystaldynamics/jobs/4640345005,Game Writer Intern,,"San Carlos, California",Internship,Hybrid,0.72,True,2026-06-16 22:02:04.714307+00:00,2026-06-18 22:46:37.771829+00:00,"{""salary_range"": {""max"": null, ""min"": null, ""currency"": null}, ""qualifications"": ""For juniors or seniors in college."", ""responsibilities"": null, ""technical_details"": {""skills"": [], ""languages"": [], ""minimum_years"": null}}"
7930315c-06fe-4ce3-9a17-6239dd6f1393,IGDA Writing SIG,Cubicle 7 Games,https://www.linkedin.com/posts/cubicle-7-games_writers-wanted-whether-its-case-nightmare-activity-7407397003560910848-j4bv,Freelance Writer,The Laundry Files,,Freelance,,0.8,True,2026-06-16 22:02:04.714307+00:00,2026-06-18 22:46:37.771829+00:00,"{""salary_range"": {""max"": null, ""min"": null, ""currency"": null}, ""qualifications"": ""Familiarity with The Laundry Files; precision, nerve, and comfort with the setting."", ""responsibilities"": null, ""technical_details"": {""skills"": [], ""languages"": [], ""minimum_years"": null}}"
6be07fe7-fa77-44e9-bfdc-f081ada69d33,IGDA Writing SIG,Darkpaw Games,https://www.daybreakgames.com/careers/?job=7849293002,Game Designer I - Content Design,,,,,0.44,True,2026-06-16 22:02:04.714307+00:00,2026-06-18 22:46:37.771829+00:00,"{""salary_range"": {""max"": null, ""min"": null, ""currency"": null}, ""qualifications"": null, ""responsibilities"": ""Test content and give qualitative feedback on mechanics, design, and balancing."", ""technical_details"": {""skills"": [], ""languages"": [], ""minimum_years"": null}}"
d6481f57-8ea7-40b1-8914-53df05d72d02,IGDA Writing SIG,Dreamaloid Studios,https://www.workwithindies.com/careers/dreamaloid-studios-narrative-designer,Narrative Designer,,,,,0.95,True,2026-06-16 22:02:04.714307+00:00,2026-06-18 22:46:37.771829+00:00,"{""salary_range"": {""max"": null, ""min"": null, ""currency"": null}, ""qualifications"": null, ""responsibilities"": ""Work with the creator to improve narrative flow."", ""technical_details"": {""skills"": [], ""languages"": [], ""minimum_years"": null}}"
1ef9174f-4a2f-4fad-a523-0d9f875bd7e2,IGDA Writing SIG,Early Media,https://room.early.media/,Script Submission Marketplace,,United States,,,0.5,True,2026-06-16 22:02:04.714307+00:00,2026-06-18 22:46:37.771829+00:00,"{""salary_range"": {""max"": null, ""min"": null, ""currency"": null}, ""qualifications"": null, ""responsibilities"": ""Submit short-form scripts for possible purchase."", ""technical_details"": {""skills"": [], ""languages"": [], ""minimum_years"": null}}"
b38fba77-274d-4e5e-a00e-41915289fde0,IGDA Writing SIG,Electronic Arts / DICE,https://jobs.ea.com/en_US/careers/JobDetail/Narrative-Design-Intern-DICE/208907,Narrative Design Intern,,"Stockholm, Sweden",Internship,,0.78,True,2026-06-16 22:02:04.714307+00:00,2026-06-18 22:46:37.771829+00:00,"{""salary_range"": {""max"": null, ""min"": null, ""currency"": null}, ""qualifications"": null, ""responsibilities"": null, ""technical_details"": {""skills"": [], ""languages"": [], ""minimum_years"": null}}"
40c4375f-db44-4d28-bf4e-3c3d15bccc61,IGDA Writing SIG,Failbetter Games,https://www.workwithindies.com/careers/failbetter-games-writer-and-narrative-designer,Writer and Narrative Designer,,United Kingdom preferred,,Remote,0.96,True,2026-06-16 22:02:04.714307+00:00,2026-06-18 22:46:37.771829+00:00,"{""salary_range"": {""max"": null, ""min"": null, ""currency"": null}, ""qualifications"": null, ""responsibilities"": null, ""technical_details"": {""skills"": [], ""languages"": [], ""minimum_years"": null}}"
e191fefd-da5a-494b-83e6-f14443c56873,IGDA Writing SIG,Falcon's Beyond,https://falconsbeyond.com/careers/,Creative Writer,,,,,0.72,True,2026-06-16 22:02:04.714307+00:00,2026-06-18 22:46:37.771829+00:00,"{""salary_range"": {""max"": null, ""min"": null, ""currency"": null}, ""qualifications"": null, ""responsibilities"": null, ""technical_details"": {""skills"": [], ""languages"": [], ""minimum_years"": null}}"
70508201-8f2a-4b43-819c-843a68bf899e,IGDA Writing SIG,Falcon's Beyond,discord://manual/2025-09-17/falcons-beyond-technical-writer,Technical Writer,,,,,0.34,True,2026-06-16 22:02:04.714307+00:00,2026-06-16 22:02:04.714307+00:00,"{""salary_range"": {""max"": null, ""min"": null, ""currency"": null}, ""qualifications"": null, ""responsibilities"": null, ""technical_details"": {""skills"": [], ""languages"": [], ""minimum_years"": null}}"
d55fa9be-a324-42f8-942b-5328e288b44b,IGDA Writing SIG,Feral Cat Den,https://www.linkedin.com/posts/feral-cat-den_nirvana-noir-call-for-writers-activity-7401646067412377600-u6_e,Game Writer,Nirvana Noir,,,,0.95,True,2026-06-16 22:02:04.714307+00:00,2026-06-18 22:46:37.771829+00:00,"{""salary_range"": {""max"": null, ""min"": null, ""currency"": null}, ""qualifications"": null, ""responsibilities"": null, ""technical_details"": {""skills"": [], ""languages"": [], ""minimum_years"": null}}"
f738f93b-3406-46a5-b4f0-5c671c721f00,IGDA Writing SIG,Flame Tree Publishing,https://blog.flametreepublishing.com/fantasy-gothic,Vampire Short Fiction Call,,,Freelance,,0.36,True,2026-06-16 22:02:04.714307+00:00,2026-06-18 22:46:37.771829+00:00,"{""salary_range"": {""max"": null, ""min"": null, ""currency"": null}, ""qualifications"": ""Original stories around 2000-4000 words; multiple submissions allowed in separate emails."", ""responsibilities"": ""Submit vampire short fiction for anthology consideration."", ""technical_details"": {""skills"": [], ""languages"": [], ""minimum_years"": null}}"
cd4dacef-7a9a-4c33-891e-63a8615656a5,IGDA Writing SIG,GameRecruiter client,discord://manual/2026-01-15/gamerecruiter-nyc-narrative-designer-game-writer,Narrative Designer / Narrative Game Writer,,New York City area,,Hybrid,0.96,True,2026-06-16 22:02:04.714307+00:00,2026-06-16 22:02:04.714307+00:00,"{""salary_range"": {""max"": null, ""min"": null, ""currency"": null}, ""qualifications"": ""Strong character, dialogue, and story writing; deep RPG and player-driven storytelling understanding; ability to think in branches, systems, and player choice."", ""responsibilities"": ""Design and write branching quests, storylines, emergent narrative content, characters, NPCs, factions, lore, dialogue, narrative systems, bibles, and style guides."", ""technical_details"": {""skills"": [], ""languages"": [], ""minimum_years"": null}}"
46155493-de71-4a28-87ee-54ddb50649d1,IGDA Writing SIG,HoYoverse,https://job-boards.greenhouse.io/hoyoverse/jobs/4871160007,Game Writer,,United States,,,0.95,True,2026-06-16 22:02:04.714307+00:00,2026-06-18 22:46:37.771829+00:00,"{""salary_range"": {""max"": null, ""min"": null, ""currency"": null}, ""qualifications"": null, ""responsibilities"": null, ""technical_details"": {""skills"": [], ""languages"": [], ""minimum_years"": null}}"
dddbcb89-d886-4a75-a137-e7caf12c920c,IGDA Writing SIG,Infinity Ward,https://hitmarker.net/jobs/infinity-ward-narrative-designer-writer-3007458,Narrative Designer (Writer),,,,,0.96,True,2026-06-16 22:02:04.714307+00:00,2026-06-18 22:46:37.771829+00:00,"{""salary_range"": {""max"": null, ""min"": null, ""currency"": null}, ""qualifications"": null, ""responsibilities"": null, ""technical_details"": {""skills"": [], ""languages"": [], ""minimum_years"": null}}"
2abc8064-6a20-4c67-8115-b65982d77a01,IGDA Writing SIG,Innersloth,https://innersloth.bamboohr.com/careers/31,Senior Writer,,,Contract,Remote,0.95,True,2026-06-16 22:02:04.714307+00:00,2026-06-18 22:46:37.771829+00:00,"{""salary_range"": {""max"": null, ""min"": null, ""currency"": null}, ""qualifications"": null, ""responsibilities"": ""Write and edit text assets for narrative work on a new game."", ""technical_details"": {""skills"": [], ""languages"": [], ""minimum_years"": null}}"
89f3b4ba-dc1c-4442-86ed-4e6b222819ee,IGDA Writing SIG,Meow Wolf,https://meowwolf.wd1.myworkdayjobs.com/en-US/MeowWolf/job/Santa-Fe-NM/Narrative-Designer--Project-Based-Role-_JR102160?source=LinkedIn,Narrative Designer,,United States,Project-based,Remote,0.95,True,2026-06-16 22:02:04.714307+00:00,2026-06-18 22:46:37.771829+00:00,"{""salary_range"": {""max"": null, ""min"": null, ""currency"": null}, ""qualifications"": ""Must be authorized to work in the United States; state restrictions apply."", ""responsibilities"": null, ""technical_details"": {""skills"": [], ""languages"": [], ""minimum_years"": null}}"
1c04aba5-2158-4b3c-bc2f-5d092a71a7c0,IGDA Writing SIG,Pocket Tactics,https://www.pockettactics.com/pocket-tactics-jobs,Staff Writer,,United Kingdom,,,0.42,True,2026-06-16 22:02:04.714307+00:00,2026-06-18 22:46:37.771829+00:00,"{""salary_range"": {""max"": null, ""min"": null, ""currency"": null}, ""qualifications"": null, ""responsibilities"": ""Write about mobile and portable games."", ""technical_details"": {""skills"": [], ""languages"": [], ""minimum_years"": null}}"
22437514-f2ff-4a89-bfdf-4e5f4af9b6bf,IGDA Writing SIG,Remedy Entertainment,https://emp.jobylon.com/jobs/287357-remedy-entertainment-writer/,Writer,,Helsinki or Stockholm,,,0.95,True,2026-06-16 22:02:04.714307+00:00,2026-06-18 22:46:37.771829+00:00,"{""salary_range"": {""max"": null, ""min"": null, ""currency"": null}, ""qualifications"": null, ""responsibilities"": ""Create dialogue, characters, and high-quality gaming experiences as part of the Narrative Team."", ""technical_details"": {""skills"": [], ""languages"": [], ""minimum_years"": null}}"
680164dc-15e9-4c16-9fbb-d73d4bc9f5a0,IGDA Writing SIG,Respawn Entertainment,https://hitmarker.net/jobs/respawn-entertainment-narrative-design-intern-summer-2026-jedi-1544577,"Narrative Design Intern, Summer 2026 (Jedi)",Jedi,,Internship,,0.78,True,2026-06-16 22:02:04.714307+00:00,2026-06-18 22:46:37.771829+00:00,"{""salary_range"": {""max"": null, ""min"": null, ""currency"": null}, ""qualifications"": null, ""responsibilities"": null, ""technical_details"": {""skills"": [], ""languages"": [], ""minimum_years"": null}}"
05785eee-eb9c-45c1-b865-eccfc0316dde,IGDA Writing SIG,Shiny Shoe,https://www.linkedin.com/posts/mark-cooke_at-shiny-shoe-we-are-seeking-an-experienced-activity-7404603826907095042-A-KP,Story and Writing Consultant,,,Contract,,0.82,True,2026-06-16 22:02:04.714307+00:00,2026-06-18 22:46:37.771829+00:00,"{""salary_range"": {""max"": null, ""min"": null, ""currency"": null}, ""qualifications"": ""Experience shipping games, gameplay-led titles, and adaptability during iteration."", ""responsibilities"": ""Consult on story and writing for the next original game after Monster Train 2."", ""technical_details"": {""skills"": [], ""languages"": [], ""minimum_years"": null}}"
2b05b1cc-eca5-4d45-8c53-2273f1ccbdb4,IGDA Writing SIG,The Marshmallow Project,https://emploi.afjv.com/emploi-jeux-video/ECEP2258-28432,Narrative Designer,,"Paris, France",CDI,,0.95,True,2026-06-16 22:02:04.714307+00:00,2026-06-18 22:46:37.771829+00:00,"{""salary_range"": {""max"": null, ""min"": null, ""currency"": null}, ""qualifications"": ""Passionate about crafting experiences and impact on kids education."", ""responsibilities"": null, ""technical_details"": {""skills"": [], ""languages"": [], ""minimum_years"": null}}"
43a75f01-5857-4703-84f9-2dba28b84d15,IGDA Writing SIG,Uncommon,https://www.linkedin.com/posts/brenttam_were-looking-for-a-narrative-writer-contract-ugcPost-7405331157363392513-U6qW,Narrative Writer,,,Contract,,0.92,True,2026-06-16 22:02:04.714307+00:00,2026-06-18 22:46:37.771829+00:00,"{""salary_range"": {""max"": null, ""min"": null, ""currency"": null}, ""qualifications"": ""Creative writing, games, and comedy writing."", ""responsibilities"": null, ""technical_details"": {""skills"": [], ""languages"": [], ""minimum_years"": null}}"
9e85737f-af30-4263-8e2c-7966e2a136b2,IGDA Writing SIG,University of Cincinnati,https://jobs.uc.edu/job/Cincinnati-Assistant-Professor%2C-Games-and-Animation%2C-School-of-Art%2C-College-of-DAAP-OH-45201/1333741700/,"Assistant Professor, Games and Animation",,"Cincinnati, Ohio",,,0.38,True,2026-06-16 22:02:04.714307+00:00,2026-06-18 22:46:37.771829+00:00,"{""salary_range"": {""max"": null, ""min"": null, ""currency"": null}, ""qualifications"": ""Writer who can also do animation."", ""responsibilities"": null, ""technical_details"": {""skills"": [], ""languages"": [], ""minimum_years"": null}}"
862554f6-c40c-4468-bfd3-607538b856da,IGDA Writing SIG,Unknown Casual Mobile Studio,https://www.linkedin.com/posts/alexandra-rance-92a29390_were-hiring-again-were-looking-activity-7408817181695823872-gpoR,Narrative Designer,,Remote initially; Beijing in-office later,,Hybrid,0.95,True,2026-06-16 22:02:04.714307+00:00,2026-06-18 22:46:37.771829+00:00,"{""salary_range"": {""max"": null, ""min"": null, ""currency"": null}, ""qualifications"": ""Entry to mid-level; Mandarin is a major plus but not required."", ""responsibilities"": ""Write slice-of-life stories for casual mobile games."", ""technical_details"": {""skills"": [], ""languages"": [""Mandarin""], ""minimum_years"": null}}"
5f016781-3f82-4611-8dde-6ff136941d7e,IGDA Writing SIG,Unknown Indie Studio,https://www.linkedin.com/posts/mike-sorrenti_gamedev-narrativedesign-freelancejobs-activity-7401670592216928256-SVCW,Freelance Narrative Game Writer,,,Freelance,,0.92,True,2026-06-16 22:02:04.714307+00:00,2026-06-18 22:46:37.771829+00:00,"{""salary_range"": {""max"": null, ""min"": null, ""currency"": null}, ""qualifications"": ""Branching narrative experience and game design experience."", ""responsibilities"": ""Craft dialogue, branching narrative, character-driven plots, and game story content."", ""technical_details"": {""skills"": [], ""languages"": [], ""minimum_years"": null}}"
ae84fef3-dabc-4f92-8407-b3a5a3c1b597,IGDA Writing SIG,Unknown Studio,https://www.linkedin.com/posts/bobbystein_come-work-with-us-on-something-exciting-share-7417288116740206593-KVQm,Contract Senior Writer / Narrative Designer,,,Contract,,0.95,True,2026-06-16 22:02:04.714307+00:00,2026-06-18 22:46:37.771829+00:00,"{""salary_range"": {""max"": null, ""min"": null, ""currency"": null}, ""qualifications"": null, ""responsibilities"": null, ""technical_details"": {""skills"": [], ""languages"": [], ""minimum_years"": null}}"
d71de2bf-63ee-4d4d-b87c-18b470bf872c,IGDA Writing SIG,Unknown Studio,https://lnkd.in/g9yNx7BY,Contract Writer / Narrative Designer,,,Contract,,0.95,True,2026-06-16 22:02:04.714307+00:00,2026-06-18 22:46:37.771829+00:00,"{""salary_range"": {""max"": null, ""min"": null, ""currency"": null}, ""qualifications"": null, ""responsibilities"": null, ""technical_details"": {""skills"": [], ""languages"": [], ""minimum_years"": null}}"
6dbaafdb-0d27-43c7-b6a2-96f0329b2ba8,obsidian,Obsidian Entertainment,https://www.obsidian.net/careers/open-positions/design/H7Vpp7HwNV-associatestaff-quest-designer,Associate/Staff - Quest Designer,,"Irvine, CA",,,1,True,2026-06-15 15:29:13.406046+00:00,2026-06-18 22:46:37.771829+00:00,"{""qualifications"": ""Sign in\nSign up\nGAMES\nCAREERS\nNEWS\nMERCH\nSUPPORT\nCOMMUNITY\n Back to Careers\nAssociate/Staff - Quest Designer\n\nObsidian is looking for a designer passionate about creating amazing worlds and gameplay experiences to join us in developing our next great multi-platform RPG.\u00a0\n\nAt Obsidian, Quest Designers build our core game experience. They invent the places and quests that fill our worlds and then build them with our tools in collaboration with the larger team to bring them to life in game. The ideal candidate is someone who loves RPG gaming, be that on the dining table, a monitor, or a video call. We\u2019re looking for someone who can create fun, deep, engaging stories and adventures and adapt them on the fly to suit a player\u2019s choices and needs.\n\nThis position requires the ability to work onsite or in a hybrid capacity at the Obsidian Entertainment office in Irvine, CA.\n\nResponsibilities\n\nDesign and implement quest and area content in Unreal Engine and proprietary tools\n\nScript quests with branching dialogues and player choices, setting up encounters, filling the world with details and lore, inventing new places with history, culture, and problems, populating our world and bringing it to life\n\nUnderstand and internalize the game's creative vision to make awesome creative decisions\n\nWork with other designers and the game\u2019s directors to ensure content is part of a cohesive open-world experience\n\nRequirements\n\nExtensive experience as a game master and player for tabletop RPGs\n\nExperience creating quests/missions on paper or digitally\n\nA solid design sense, good communication and organization skills, and the ability to work with team members in a collaborative, goal-oriented way\n\nAbility to receive and apply feedback iteratively on content\n\nPluses\n\nFamiliarity with Obsidian games\n\nVideo game development experience\n\nExperience working with Unreal Engine\n\nExperience in the writing and creating of tabletop games or supplemental materials for existing RPGs (such as modules)\n\nPortfolio Requirements\n\nExamples and demonstrations of game master experience. This could include any of the following: videos/streams of game mastering, maps, written modules or compendiums for D&D or other tabletop games\n\nIncludes videos, screenshots, and/or design documents\n\nObsidian Entertainment is proud to be an equal opportunity employer and we are committed to creating an inclusive environment for all employees.\u00a0\n\nThe estimated base pay range for this role is:\n\n$87,600\u00a0- $135,900 per year\n\nPlease, no phone calls or drop-ins. We only accept electronic applications.\n\nAPPLY NOW\n\n Back to Careers\n\nGames\nCareers\nNews\nSupport\nCommunity\nPrivacy & Cookies\nTerms of Use\nLegal\nConsumer Health Privacy\n\u00a92026 Obsidian Entertainment, Inc. All trademarks belong to their respective owners. All rights reserved."", ""responsibilities"": ""Extracted via Obsidian crawler loop..."", ""technical_details"": {""skills"": [""Go"", ""Unreal Engine"", ""Unity"", ""Git""], ""languages"": [], ""minimum_years"": null}}"
8e529e1e-7539-4937-b224-c922596b3260,cdprojektred,CD PROJEKT RED,https://www.cdprojektred.com/en/jobs/22160-expert-level-designer,Expert Level Designer,Hadar,"Warsaw, Masovian Voivodeship, Poland",full-time,,0.39,True,2026-06-14 19:15:37.326875+00:00,2026-06-18 22:46:37.771829+00:00,"{""salary_range"": {""max"": 520080, ""min"": 378000, ""currency"": ""PLN""}, ""qualifications"": ""Min. 7 years\u2019 experience in level design with at least 1-2 years in an expert or leadership capacity.\nExperience with game editors, Unreal Engine, and/or 3D packages.\nExtensive knowledge of current titles, as well as works of art, such as movies, architecture or visual arts, to be used as reference for crafting and communicating original ideas.\nExcellent understanding of level design fundamentals and the role of level design in the overall player experience.\nProactive problem-solving skills and an ability to effectively communicate solutions, as well as own and drive topics independently in a multi-disciplinary collaborative environment.\nAbility to create map layouts on all stages \u2013 from simple drawings to fully functional levels in Unreal Engine.\nAbility to use all elements of the game world, including level geometry, texturing, lighting, sound and VFX to craft unique player experiences.\nExcellent communication skills & proven ability to work within a team.\nFluent English."", ""responsibilities"": ""Designing, prototyping, iterating on and polishing in-game levels, including level geometry, enemy encounters and other gameplay elements, using our proprietary tools and Unreal Engine 5.\nCrafting unique spaces where gameplay flow and visual composition form memorable experiences.\nDeveloping and working within predefined level metrics.\nWorking closely with other teams to ensure created levels contribute to and enhance the gameplay and game narrative.\nCooperating closely with Designers, Artists and Programmers to ensure the highest possible quality of encounters.\nProactively suggesting improvements to gameplay systems and principles."", ""technical_details"": {""skills"": [""Unreal Engine"", ""Excel""], ""languages"": [""English""], ""minimum_years"": 7}}"
ac139e9d-3baf-46a2-8df5-838538ea03f8,cdprojektred,CD PROJEKT RED,https://www.cdprojektred.com/en/jobs/22114-senior-quest-designer,Senior Quest Designer,Hadar,"Warsaw, Masovian Voivodeship, Poland",full-time,,1,True,2026-06-14 19:15:37.326850+00:00,2026-06-18 22:46:37.771829+00:00,"{""salary_range"": {""max"": 404580, ""min"": 255600, ""currency"": ""PLN""}, ""qualifications"": ""At least 4 years of experience working in a Quest or Mission Design position.\nHigh creativity and exceptional level of narrative proficiency.\nProven high proficiency with writing scenarios, screenplays or short stories.\nHigh proficiency with visual scripting tools.\nExperience with game editors and game design tools.\nStrong critical thinking and analytical skills.\nSense for designing in-game features as well as tools for efficient implementation.\nAbility to receive and apply feedback in a highly iterative environment.\nProven ability to effectively work across teams involved in a game development lifecycle.\nExcellent communication skills.\nFluent English.\nCredited work on narrative field for movies, plays or books.\nKnowledge of Unreal Engine 5 Blueprints.\nExperience in an academic field."", ""responsibilities"": ""Co-creating vision of a new project.\nCreating the storyline on a detailed level.\nDesigning quests and implementing them using Unreal Engine 5.\nPlanning assets required for the creation of the quests.\nCooperating with other departments.\nIntegrating delivered assets (like gameplay elements, locations, characters, dialogue etc.) into a seamless, engaging and unique experience.\nMaintaining the highest possible quality of quests, and fixing reported bugs.\nCreating and maintaining design documentation."", ""technical_details"": {""skills"": [""Blueprints"", ""Visual Scripting"", ""Unreal Engine"", ""Excel"", ""Ink""], ""languages"": [""English""], ""minimum_years"": 4}}"
bca4c0bc-6b19-46e1-a284-d34e66ec2a9c,cdprojektred,CD PROJEKT RED,https://www.cdprojektred.com/en/jobs/22064-senior-narrative-designer,Senior Narrative Designer,Cyberpunk 2,"Boston, MA, United States",full-time,,1,True,2026-06-14 19:15:37.326824+00:00,2026-06-18 22:46:37.771829+00:00,"{""salary_range"": {""max"": 196000, ""min"": 118800, ""currency"": ""USD""}, ""qualifications"": ""Create detailed storylines and believable worlds around them\nDesign quests, NPC communities and open world events.\nImplement designed content through visual scripting using a proprietary toolset within UE5.\nPlan the assets required to create your content.\nCollaborate with other departments as part of an interdisciplinary content creation team.\nIntegrate delivered assets including gameplay elements, locations, characters, dialogue and other content into a seamless, engaging and unique experience.\nConsistently maintain a high quality bar through review, iteration, and bug fixing.\nAttend content reviews and iterate on designs and implementation based on feedback.\nCreate and maintain design documentation.\n5+ years experience as Quest, Narrative or Open World Designer on AAA projects.\nAt least 1 shipped narrative-driven AAA game.\nExcellent understanding of interactive storytelling.\nIn-depth knowledge of game development and game design.\nProficiency with game engines and visual scripting.\nProficiency with UE5.\nWell-developed communication and organization skills.\nAbility to give, receive and act on feedback.\nAbility to thrive in multinational, interdisciplinary teams.\nAbility to mentor and train members of the team.\nStrong critical and analytical thinking.\nPublished Books, Comic Books, Movies, or other narrative works is a plus."", ""responsibilities"": """", ""technical_details"": {""skills"": [""Visual Scripting"", ""Excel"", ""Ink""], ""languages"": [], ""minimum_years"": 5}}"
d908e28e-b28d-4d20-b9d6-5a8f38104455,cdprojektred,CD PROJEKT RED,https://www.cdprojektred.com/en/jobs/22032-senior-gameplay-designer,Senior Gameplay Designer,Hadar,"Warsaw, Masovian Voivodeship, Poland",full-time,,0.32,True,2026-06-14 19:15:37.326803+00:00,2026-06-18 22:46:37.771829+00:00,"{""salary_range"": {""max"": null, ""min"": null, ""currency"": null}, ""qualifications"": ""At least 5+ years of professional experience in a similar role.\nProven success in creating, and having ownership over gameplay processes like features, gameplay mechanics etc.\nExperience in working with Unreal Engine 5 - prototyping, implementation and iteration.\nExperience contributing to all stages of the AAA game development lifecycle \u2014 from planning and pre-production through production, release, and post-launch \u2014 on one or more projects.\nOpenness to receiving and giving feedback about your work.\nAbility to include others in the design process.\nExcellent communication and teamwork skills, with the ability to work effectively with cross-disciplinary teams and openness for changes & experimentation.\nDemonstrated commitment to taking ownership, setting goals, exchanging knowledge and driving initiatives independently.\nPassion for professional growth and staying updated on industry trends to understand what makes something intuitive, fun, and engaging\nFluent in English (written and spoken).\nFamiliarity with Agile methodologies.\nOpenness for changes & experimentation, high-quality passion and a good sense of humor are appreciated!"", ""responsibilities"": ""Proposing and documenting an innovative design for systems and features that follows the game direction.\nIterating and improving documentation for existing systems and features.\nDesigning, prototyping, scripting, iterating on features using a Unreal Engine 5.\nWorking in multidisciplinary teams on prototyping and implementing stages, ensuring that the gameplay functionality, combat systems, as well as the overall gameplay experience are carried through to completion in the highest possible quality.\nTaking ownership of specific features/systems of the game."", ""technical_details"": {""skills"": [""Go"", ""Unreal Engine"", ""Excel"", ""Agile"", ""IK""], ""languages"": [""English""], ""minimum_years"": 5}}"
efa27747-c378-4efd-99f3-8280ccaa1182,cdprojektred,CD PROJEKT RED,https://www.cdprojektred.com/en/jobs/22016-senior-gameplay-designer-enemies-npc,Senior Gameplay Designer (Enemies/NPC),The Witcher 4,"Warsaw, Masovian Voivodeship, Poland",full-time,,0.32,True,2026-06-14 19:15:37.326774+00:00,2026-06-18 22:46:37.771829+00:00,"{""salary_range"": {""max"": 381480, ""min"": 241200, ""currency"": ""PLN""}, ""qualifications"": ""At least 6 years of professional experience in a similar role, preferably in AAA RPG/Action titles with melee-oriented combat.\nProven success in creating compelling and innovative gameplay mechanics focusing on combat.\nExperience in working with Unreal Engine 4 and/or Unreal Engine 5.\nUnderstanding behavior tools like State Trees/Behavior Trees to assemble NPC behaviors in combat.\nOpenness to receiving and giving feedback about your work.\nAbility to include others in the design process.\nMentoring experience.\nExcellent communication and teamwork skills, with the ability to work effectively with cross-disciplinary teams and openness for changes & experimentation.\nPassion for games and a good sense of humor are appreciated!"", ""responsibilities"": ""Design and implementation of NPCs, and enemies behavior subsystems.\nCollaboration with designers, programmers and other project stakeholders to develop and refine mechanics that enhance player immersion and satisfaction.\nDesigning and prototyping unique enemy, NPC and character companions behaviors, reactions, abilities and weaknesses - both humans and monsters.\nIterating on behavior through playtesting and feedback, to create engaging and dynamic experiences.\nCreation of clear and detailed documentation for AI subsystems.\nActing as a subject matter expert, mentoring the team."", ""technical_details"": {""skills"": [""Go"", ""Unreal Engine"", ""Excel"", ""IK"", ""State Trees"", ""Behavior Trees""], ""languages"": [], ""minimum_years"": 6}}"
cc071b90-f7d3-457f-999c-b0b0d48b8a9f,cdprojektred,CD PROJEKT RED,https://www.cdprojektred.com/en/jobs/22142-senior-narrative-engineer,Senior Narrative Engineer,Multiple Projects,"Warsaw, Masovian Voivodeship, Poland",full-time,,0.48,True,2026-06-14 19:15:37.326293+00:00,2026-06-18 22:46:37.771829+00:00,"{""salary_range"": {""max"": 488400, ""min"": 284400, ""currency"": ""PLN""}, ""qualifications"": ""Minimum of 5 years experience in the game industry.\nBachelor\u2019s degree in computer science, information systems, mathematics or related field, or equivalent experience.\nExtensive professional experience with Unreal Engine and/or other engines, and strong C++ programming skills.\nAbility to comprehend unfamiliar code and work across many systems in the code base.\nSolid communication skills, with the ability to communicate in English.\nA team player.\nAn Agile mindset is a plus.\nPassion for creating games.\nExperience shipping AA or AAA title(s).\nExperience working with Unreal Engine\u2019s Sequencer.\nKnowledge of relational databases.\nKnowledge of C# and/or Python."", ""responsibilities"": ""Collaborate with Story, Localization, Quest, and Cinematic teams to find solutions that achieve creative and technical goals.\nWrite high-quality code that is optimised, scalable, bug-free, and aligned with project goals.\nBuild and maintain narrative content tools, systems and pipelines, including: Screenplay Editor and its connection to the Sequencer Dialogue Player to present subtitles and play voiceovers Voicesets for open world NPCs Pipelines that enable seamless synchronization of narrative content between the engine and external tools"", ""technical_details"": {""skills"": [""C++"", ""C#"", ""Python"", ""Unreal Engine"", ""Sequencer"", ""Agile""], ""languages"": [""English""], ""minimum_years"": 5}}"
c98bdc22-9d4b-4fa1-9cbb-e9dfdf60c354,cdprojektred,CD PROJEKT RED,https://www.cdprojektred.com/en/jobs/21689-senior-engineer-story,"Senior Engineer, Story",Hadar,"Warsaw, Masovian Voivodeship, Poland",full-time,,0.48,True,2026-06-14 19:15:37.325903+00:00,2026-06-18 22:46:37.771829+00:00,"{""salary_range"": {""max"": 449460, ""min"": 284400, ""currency"": ""PLN""}, ""qualifications"": ""Very good knowledge of C++ coding principles and practices built on commercial projects, open source/private projects or mods.\nAt least 5 years of professional experience as a programmer within the games industry.\nBroad experience in building tools inside the Unreal Engine 4 or 5.\nProven track record of delivering story, cinematic, or quest-related systems.\nInterest in learning and exploring new solutions.\nParticipating in cross-functional teamwork with clear communication.\nTaking initiative to solve problems.\nProfessional working proficiency in English.\nSolid understanding of Sequencer and Slate.\nAn Agile mindset."", ""responsibilities"": ""Designing, implementing, optimizing and maintaining narrative and cinematic systems used across our project.\nDeveloping and supporting tools that enable fast implementation of immersive story experience.\nTaking ownership of story tech features, ensuring performance, stability and scalability.\nDebugging, profiling and resolving technical challenges.\nMentoring other programmers, sharing knowledge and fostering a collaborative, growth-oriented environment.\nDefining technical standards for story systems and tools.\nCooperating with other departments."", ""technical_details"": {""skills"": [""C++"", ""Go"", ""Unreal Engine"", ""Sequencer"", ""Agile"", ""Slate""], ""languages"": [""English""], ""minimum_years"": 5}}"
bf2fef27-b639-4147-b9b3-9fd1ccc459b8,cdprojektred,CD PROJEKT RED,https://www.cdprojektred.com/en/jobs/22152-lead-narrative-producer,Lead Narrative Producer,Cyberpunk 2,"Boston, MA, United States",full-time,,0.82,True,2026-06-14 19:15:37.325875+00:00,2026-06-18 22:46:37.771829+00:00,"{""salary_range"": {""max"": 218500, ""min"": 143000, ""currency"": ""USD""}, ""qualifications"": ""10+ years of experience as a Producer in game development, with a proven track record of leading successful projects and managing producers.\nExperience in the development and shipping of AAA narrative RPG titles, showcasing the ability to manage large-scale projects.\nExperience with producing narrative content in entirety, from story, through quest design, to cinematics and animation.\nExperience with Mocap, Perfcap and VO production\nProven ability to effectively collaborate across teams involved in the game development lifecycle.\nDemonstrated experience in leading cross-functional teams, preferably in an Agile environment, with a focus on team empowerment and self-organization.\nExperience building and growing teams\nThorough understanding of the technical limitations and pipelines in the game development process including technical engineering best practices such as test-driven development, continuous integration, and DevOps.\nDeep knowledge of Jira and Confluence tools, enabling efficient project management and collaboration.\nProactive problem-solving skills with a positive and constructive attitude.\nProficiency in using project management tools to streamline production processes."", ""responsibilities"": ""Work closely with the Executive Producer to lead the development and growth of our production team.\nDrive our narrative production including, story, quest, mocap, perfcap, and VO recording.\nCooperate with leadership and cross-functional development teams, ensuring alignment with vision and goals.\nForm and nurture cohesive, high-performing teams that are empowered to self-organize and achieve outstanding results.\nOversee and enhance production processes, including project planning, scoping, scheduling, roadmaps, and requirements gathering, ensuring optimal efficiency.\nIdentify and address bottlenecks and queues, fostering incremental delivery with frequent integration.\nEnsure that vision and goals are clearly defined, transparent, and understood at all levels of the organization.\nAdvocate for actionable and beneficial improvements, challenging the status quo.\nVisualize, prioritize, and prioritize and remove obstacles, encouraging teams to own and solve their own challenges.\nLead the growth of our teams in both size and quality through dedicated coaching and mentoring, fostering a culture of continuous learning and development."", ""technical_details"": {""skills"": [""Confluence"", ""Jira"", ""Agile"", ""DevOps"", ""Test-Driven Development""], ""languages"": [], ""minimum_years"": 10}}"
